{"cameraMode":{"drawMode":0,"name":"Shaded","section":"Shading Mode"},"sceneLighting":true,"audioPlay":false,"sceneViewState":{"showFog":true,"showMaterialUpdate":false,"showSkybox":true,"showFlares":true,"showImageEffects":true,"showParticleSystems":true},"in2DMode":false,"pivot":{"x":95.0311279296875,"y":161.60977172851563,"z":-6.833251953125},"rotation":{"x":0.07039599120616913,"y":-0.035902831703424457,"z":0.0025353520177304746,"w":0.9968698620796204},"size":273.5657958984375,"orthographic":false}